Activity ID,Activity Date,Activity Name,Activity Type,Elapsed Time,Distance,Moving Time,Distance,Max Speed,Average Speed,Elevation Gain,Elevation Loss,Elevation Low,Elevation High,Max Grade,Max Cadence,Average Cadence,Grade Adjusted Distance,Average Elapsed Speed,Dirt Distance
19681175901,2026-07-08 17:03:51,Evening Trail Run,Run,3716,10.9,3646.0,10.9,7.5,2.991,185.3,185.3,192.8,343.7,16.0,104.0,78.0,11285.6,2.935,2850.8
19094826434,2026-06-28 08:00:02,Morning Trail Run,Run,1553,4.85,1539.0,4.85,6.4,3.152,94.0,94.6,223.6,302.5,18.0,117.0,77.0,5087.0,3.123,4850.4
19053857524,2026-06-24 19:26:56,Night Trail Run,Run,2876,7.04,2869.0,7.04,5.36,2.454,99.4,108.0,188.4,248.3,14.8,89.0,77.0,7215.4,2.448,3679.6
19001101904,2026-06-20 18:30:22,Evening Trail Run,Run,2500,7.24,2311.0,7.24,18.23,3.135,112.8,117.9,170.7,239.7,45.7,110.0,75.0,7475.8,2.898,231.4
18945750751,2026-06-16 15:57:22,Afternoon Trail Run,Run,2329,5.54,2295.0,5.54,5.667,2.416,58.5,67.5,180.0,216.5,13.6,85.0,76.0,5674.2,2.38,4460.8
18919232779,2026-06-14 14:50:42,Afternoon Trail Run,Run,3059,7.0,3055.0,7.0,7.48,2.292,114.1,118.2,180.0,248.3,11.4,112.0,77.0,7238.9,2.289,1030.4
18879708790,2026-06-11 15:11:07,Afternoon Trail Run,Run,2290,7.26,2290.0,7.26,7.38,3.172,102.7,101.0,188.4,248.3,12.8,110.0,76.0,7465.5,3.172,4514.9
18826401836,2026-06-07 14:14:24,Afternoon Trail Run,Run,5628,14.64,5043.0,14.64,7.26,2.905,230.4,228.4,188.4,248.3,20.9,98.0,78.0,15139.1,2.603,8482.9
18784934970,2026-06-04 13:50:14,Afternoon Trail Run,Run,3828,7.37,2561.0,7.37,8.86,2.878,107.6,101.0,188.4,248.3,18.3,98.0,77.0,7583.4,1.925,4493.3
18531719154,2026-05-16 15:09:12,Afternoon Trail Run,Run,2342,7.02,2342.0,7.02,7.2,2.998,101.6,96.0,188.4,235.7,13.6,94.0,78.0,7239.9,2.998,5841.4
18507117506,2026-05-14 16:03:35,Evening Trail Run,Run,5269,14.01,5039.0,14.01,6.77,2.782,181.5,187.6,188.4,235.7,14.0,98.0,77.0,14374.3,2.66,11791.0
18456548232,2026-05-10 18:00:05,Evening Trail Run,Run,2471,7.04,2404.0,7.04,7.68,2.929,92.3,92.4,188.4,235.7,14.6,94.0,76.0,7227.5,2.85,5990.2
18291558145,2026-04-28 11:38:19,Afternoon Ride,Ride,3572,18.26,3448.0,18.26,10.8,5.298,248.2,248.6,164.4,248.3,14.8,,,,5.114,142.2
16333408239,2025-11-02 14:33:02,Afternoon Ride,Ride,3672,18.27,3645.0,18.27,9.46,5.012,242.2,248.5,164.2,248.4,14.8,,,,4.975,132.8
16303206091,2025-10-30 14:36:04,Afternoon Ride,Ride,3309,18.35,3253.0,18.35,11.78,5.643,248.0,248.0,164.2,248.4,14.5,,,,5.547,149.5
16263091307,2025-10-26 13:44:06,Afternoon Ride,Ride,3360,18.43,3308.0,18.43,11.58,5.574,251.5,251.5,164.2,248.4,15.1,,,,5.488,130.7
15925743070,2025-09-24 12:05:47,Leider kein Toubkal,Hike,25355,16.6,16775.0,16.6,3.8,0.99,1043.8,1102.3,1739.5,2625.6,50.0,89.0,52.0,,0.655,16608.0
15729254770,2025-09-07 12:36:07,Afternoon Ride,Ride,3079,18.65,3065.0,18.65,12.5,6.086,249.5,249.1,163.1,248.3,14.8,,,,6.058,136.9
15709331317,2025-09-05 19:05:17,Night Ride,Ride,3475,18.17,3280.0,18.17,10.24,5.54,242.9,243.2,163.1,248.3,16.0,,,,5.229,151.0
15628993863,2025-08-29 17:16:55,Evening Trail Run,Run,1970,5.62,1957.0,5.62,6.8,2.874,65.6,65.6,188.6,216.8,14.5,104.0,77.0,5741.6,2.855,4509.3
15584815510,2025-08-25 19:07:51,Night Trail Run,Run,2573,7.02,2569.0,7.02,6.74,2.736,91.9,91.9,188.6,235.7,25.4,104.0,75.0,7220.6,2.732,5920.9
15534917515,2025-08-20 19:53:34,Night Trail Run,Run,2544,7.09,2516.0,7.09,4.52,2.82,92.1,92.1,188.6,235.7,12.1,117.0,73.0,7270.5,2.789,5974.6
15425524871,2025-08-11 20:10:59,Night Ride,Ride,2426,6.59,2384.0,6.59,7.6,2.767,15.4,14.9,58.4,66.2,17.3,,,,2.719,4015.5
15287308805,2025-07-30 09:56:11,Lunch Ride,Ride,18201,49.48,11690.0,49.48,15.1,4.233,731.3,624.5,161.9,587.0,14.1,,,,2.719,8411.6
15265300413,2025-07-28 15:56:49,Afternoon Ride,Ride,3342,18.7,3207.0,18.7,12.571,5.833,249.1,251.4,163.1,248.3,13.7,,,,5.597,146.5
15255574234,2025-07-27 15:41:15,Afternoon Ride,Ride,3953,21.2,3893.0,21.2,15.311,5.447,285.2,285.2,163.1,248.3,15.5,,,,5.364,134.5
15179952697,2025-07-20 16:18:54,Evening Ride,Ride,7630,41.11,7035.0,41.11,13.3,5.844,539.7,539.3,163.1,248.3,15.8,,,,5.388,672.9
15155941601,2025-07-18 14:16:26,Afternoon Ride,Ride,3726,18.46,3308.0,18.46,13.72,5.581,251.6,251.9,163.1,248.3,14.9,,,,4.955,511.1
15146077386,2025-07-17 15:43:09,Afternoon Ride,Ride,3482,18.19,3244.0,18.19,14.4,5.607,243.5,243.4,163.1,248.3,14.2,,,,5.224,202.9
15133978246,2025-07-16 13:40:34,Afternoon Ride,Ride,3050,17.27,3016.0,17.27,12.24,5.728,239.0,238.7,163.1,248.3,12.3,,,,5.664,209.5
15102084638,2025-07-13 14:47:34,Afternoon Ride,Ride,2799,15.58,2723.0,15.58,13.64,5.722,212.2,211.9,163.1,248.3,13.0,,,,5.566,132.1
15081842153,2025-07-11 18:05:39,Evening Ride,Ride,3097,16.98,2940.0,16.98,13.147,5.775,199.3,200.5,170.3,248.3,12.9,,,,5.483,1060.2
15060362184,2025-07-07 18:41:34,Evening Trail Run,Run,171372,5.6,1865.0,5.6,4.84,3.007,65.7,65.5,188.6,216.8,14.0,110.0,78.0,5725.9,0.033,4472.6
14851991591,2025-06-19 16:53:16,Evening Trail Run,Run,985,3.05,985.0,3.05,5.36,3.099,37.2,37.2,198.8,223.0,13.4,125.0,82.0,3125.9,3.099,2930.2
14820951672,2025-06-16 19:32:37,Night Trail Run,Run,3183,8.47,3000.0,8.47,6.46,2.826,141.4,142.5,188.6,258.2,15.9,110.0,79.0,8730.2,2.664,7307.2
14780059575,2025-06-12 18:24:00,Evening Trail Run,Run,3317,9.15,3011.0,9.15,7.36,3.04,22.4,23.2,54.3,65.6,43.4,110.0,76.0,9228.0,2.76,4949.9
14738105932,2025-06-08 19:14:21,Night Trail Run,Run,1811,5.45,1751.0,5.45,7.08,3.114,0.0,3.4,58.9,62.3,11.4,110.0,78.0,5454.7,3.01,4872.2
14675199561,2025-06-02 16:41:19,Evening Trail Run,Run,4153,7.78,2539.0,7.78,5.79,3.064,154.0,153.7,219.1,329.9,15.2,110.0,76.0,8176.1,1.873,1799.7
14594298807,2025-05-25 18:55:16,Evening Trail Run,Run,1805,5.41,1663.0,5.41,6.36,3.254,65.3,65.9,188.6,216.8,17.9,110.0,79.0,5538.3,2.998,4423.6
14563822895,2025-05-22 18:44:55,Evening Trail Run,Run,1873,5.71,1774.0,5.71,5.76,3.222,55.9,55.9,188.6,216.8,13.1,110.0,82.0,5797.9,3.052,5153.2
14543545631,2025-05-20 18:43:00,Evening Trail Run,Run,2430,6.86,2276.0,6.86,8.5,3.017,91.3,91.3,188.6,235.8,13.9,125.0,78.0,7042.2,2.826,5841.9
14498107202,2025-05-16 12:02:55,Afternoon Trail Run,Run,2589,6.62,2152.0,6.62,4.8,3.077,101.0,101.0,188.6,236.9,49.8,117.0,80.0,6893.6,2.558,5744.1
14489427205,2025-05-15 14:38:00,Afternoon Trail Run,Run,2524,6.72,2080.0,6.72,7.76,3.232,91.7,91.7,188.6,235.8,36.4,104.0,80.0,6908.7,2.663,5775.7
14460057097,2025-05-12 19:38:11,Night Run,Run,2262,3.56,1456.0,3.56,4.76,2.449,58.8,58.9,188.6,217.3,13.1,110.0,72.0,3708.5,1.577,2452.4
14380051553,2025-05-04 18:06:59,Evening Run,Run,2068,5.96,2009.0,5.96,9.08,2.97,99.8,99.8,149.0,223.0,13.3,110.0,75.0,6204.8,2.885,542.6
14368327077,2025-05-03 18:39:54,Evening Run,Run,2859,7.44,2526.0,7.44,6.12,2.947,64.8,64.8,198.7,220.6,18.6,117.0,78.0,7538.1,2.604,0.0
14343324074,2025-05-01 11:31:04,Afternoon Run,Run,3084,6.26,1975.0,6.26,6.78,3.17,78.2,78.2,189.7,218.4,43.6,,,6417.2,2.03,867.8
